{
  "version": 1,
  "author": "Kiệt Lê Anh",
  "editor": "wokwi",
  "parts": [
    { "type": "wokwi-esp32-devkit-v1", "id": "esp", "top": 0, "left": 0, "attrs": {} },
    { "type": "wokwi-hc-sr04", "id": "ultrasonic1", "top": -65.7, "left": -176.9, "attrs": {} }
  ],
  "connections": [
    [ "esp:TX0", "$serialMonitor:RX", "", [] ],
    [ "esp:RX0", "$serialMonitor:TX", "", [] ],
    [ "ultrasonic1:VCC", "esp:VIN", "red", [ "v0" ] ],
    [ "ultrasonic1:GND", "esp:GND.1", "black", [ "v192.41", "h192.64", "v-71.2" ] ],
    [ "ultrasonic1:TRIG", "esp:D15", "green", [ "v199.03", "h217.61", "v-88.3" ] ],
    [ "ultrasonic1:ECHO", "esp:D2", "green", [ "v206.76", "h212.57", "v-108.17" ] ]
  ]
}